<?xml version="1.0"?>
<payment delivery_type="&#x44D;&#x43B;&#x435;&#x43A;&#x442;&#x440;&#x43E;&#x43D;&#x43D;&#x43E;" doc_date="2013-09-02" document_type="" doc_number="" form_revision="2003-06-01" operation_type="1" queue="5"><amount currency="RUR" value="2940"/><payment-info>&#x41F;&#x435;&#x440;&#x435;&#x447;&#x438;&#x441;&#x43B;&#x435;&#x43D;&#x438;&#x435; &#x434;&#x435;&#x43D;&#x435;&#x436;&#x43D;&#x44B;&#x445; &#x441;&#x440;&#x435;&#x434;&#x441;&#x442;&#x432; &#x43F;&#x43E; &#x414;&#x43E;&#x433;&#x43E;&#x432;&#x43E;&#x440;&#x443; &#x2116;&#x2026;.. &#x437;&#x430; 01.09.2013. &#x41D;&#x414;&#x421; &#x43D;&#x435; &#x43E;&#x431;&#x43B;&#x430;&#x433;&#x430;&#x435;&#x442;&#x441;&#x44F;.</payment-info><payer inn="3123011520" kpp="123456789" name="&#x41A;&#x418;&#x412;&#x418; &#x411;&#x410;&#x41D;&#x41A; (&#x417;&#x410;&#x41E;)"><account number="9223372036854775807"><bank account-number="" bic="44585416" name="&#x41A;&#x418;&#x412;&#x418; &#x411;&#x410;&#x41D;&#x41A; (&#x417;&#x410;&#x41E;), &#x413;. &#x41C;&#x41E;&#x421;&#x41A;&#x412;&#x410; "><address city="&#x41C;&#x41E;&#x421;&#x41A;&#x412;&#x410;"/></bank></account></payer><payee inn="7704019762" kpp="123456798" name="&#x41E;&#x41E;&#x41E; &#x420;&#x41D;&#x41A;&#x41E; &#x420;&#x418;&#x411;"><account number="3023381000000000000"><bank account-number="" bic="44585415" name="&#x41E;&#x41E;&#x41E; &#x420;&#x41D;&#x41A;&#x41E; &quot;&#x420;&#x418;&#x411;&quot;, &#x413;. &#x41C;&#x41E;&#x421;&#x41A;&#x412;&#x410; "><address city="&#x41C;&#x41E;&#x421;&#x41A;&#x412;&#x410; "/></bank></account></payee></payment>
