<?xml version="1.0"?>
<payment delivery_type="&#x44D;&#x43B;&#x435;&#x43A;&#x442;&#x440;&#x43E;&#x43D;&#x43D;&#x43E;" doc_date="2013-09-03" document_type="" doc_number="" form_revision="2003-06-01" operation_type="1" queue="5"><amount currency="RUR" value="2000"/><payment-info>&#x41F;&#x435;&#x440;&#x435;&#x447;&#x438;&#x441;&#x43B;&#x435;&#x43D;&#x438;&#x435; &#x434;&#x435;&#x43D;&#x435;&#x436;&#x43D;&#x44B;&#x445; &#x441;&#x440;&#x435;&#x434;&#x441;&#x442;&#x432;</payment-info><payer inn="3123011521" kpp="123456786" name="&#x41A;&#x418;&#x412;&#x418; &#x411;&#x410;&#x41D;&#x41A; (&#x417;&#x410;&#x41E;)"><account number="9223372036854775806"><bank account-number="" bic="44585417" name="&#x41A;&#x418;&#x412;&#x418; &#x411;&#x410;&#x41D;&#x41A; (&#x417;&#x410;&#x41E;), &#x413;. &#x417;&#x435;&#x43B;&#x435;&#x43D;&#x43E;&#x433;&#x440;&#x430;&#x434;"><address city="&#x417;&#x435;&#x43B;&#x435;&#x43D;&#x43E;&#x433;&#x440;&#x430;&#x434;"/></bank></account></payer><payee inn="7704019763" kpp="123456797" name="&#x41E;&#x41E;&#x41E; &#x420;&#x41D;&#x41A;&#x41E; &#x420;&#x418;&#x411;"><account number="3023381000000000001"><bank account-number="" bic="44585417" name="&#x41E;&#x41E;&#x41E; &#x420;&#x41D;&#x41A;&#x41E; &quot;&#x420;&#x418;&#x411;&quot;, &#x413;. &#x417;&#x435;&#x43B;&#x435;&#x43D;&#x43E;&#x433;&#x440;&#x430;&#x434;"><address city="&#x417;&#x435;&#x43B;&#x435;&#x43D;&#x43E;&#x433;&#x440;&#x430;&#x434;"/></bank></account></payee></payment>
